idP,idC,kin
fd_012_1.jpg,fd_012_2.jpg,1
fd_117_1.jpg,fd_117_2.jpg,1
fd_081_1.jpg,fd_081_2.jpg,1
fd_189_1.jpg,fd_189_2.jpg,1
fd_023_1.jpg,fd_023_2.jpg,1
fd_234_1.jpg,fd_234_2.jpg,1
fd_065_1.jpg,fd_065_2.jpg,1
fd_222_1.jpg,fd_222_2.jpg,1
fd_009_1.jpg,fd_009_2.jpg,1
fd_063_1.jpg,fd_063_2.jpg,1
fd_045_1.jpg,fd_045_2.jpg,1
fd_041_1.jpg,fd_041_2.jpg,1
fd_073_1.jpg,fd_073_2.jpg,1
fd_143_1.jpg,fd_143_2.jpg,1
fd_197_1.jpg,fd_197_2.jpg,1
fd_037_1.jpg,fd_037_2.jpg,1
fd_059_1.jpg,fd_059_2.jpg,1
fd_232_1.jpg,fd_232_2.jpg,1
fd_058_1.jpg,fd_058_2.jpg,1
fd_187_1.jpg,fd_187_2.jpg,1
fd_210_1.jpg,fd_210_2.jpg,1
fd_219_1.jpg,fd_219_2.jpg,1
fd_214_1.jpg,fd_214_2.jpg,1
fd_123_1.jpg,fd_123_2.jpg,1
fd_089_1.jpg,fd_089_2.jpg,1
fd_084_1.jpg,fd_084_2.jpg,1
fd_224_1.jpg,fd_224_2.jpg,1
fd_005_1.jpg,fd_005_2.jpg,1
fd_184_1.jpg,fd_184_2.jpg,1
fd_020_1.jpg,fd_020_2.jpg,1
fd_093_1.jpg,fd_093_2.jpg,1
fd_062_1.jpg,fd_062_2.jpg,1
fd_239_1.jpg,fd_239_2.jpg,1
fd_190_1.jpg,fd_190_2.jpg,1
fd_018_1.jpg,fd_018_2.jpg,1
fd_013_1.jpg,fd_013_2.jpg,1
fd_034_1.jpg,fd_034_2.jpg,1
fd_140_1.jpg,fd_140_2.jpg,1
fd_211_1.jpg,fd_211_2.jpg,1
fd_017_1.jpg,fd_017_2.jpg,1
fd_001_1.jpg,fd_001_2.jpg,1
fd_082_1.jpg,fd_082_2.jpg,1
fd_134_1.jpg,fd_134_2.jpg,1
fd_217_1.jpg,fd_217_2.jpg,1
fd_126_1.jpg,fd_126_2.jpg,1
fd_086_1.jpg,fd_086_2.jpg,1
fd_245_1.jpg,fd_245_2.jpg,1
fd_100_1.jpg,fd_100_2.jpg,1
fd_127_1.jpg,fd_127_2.jpg,1
fd_200_1.jpg,fd_200_2.jpg,1
fs_012_1.jpg,fs_012_2.jpg,2
fs_117_1.jpg,fs_117_2.jpg,2
fs_081_1.jpg,fs_081_2.jpg,2
fs_189_1.jpg,fs_189_2.jpg,2
fs_023_1.jpg,fs_023_2.jpg,2
fs_234_1.jpg,fs_234_2.jpg,2
fs_065_1.jpg,fs_065_2.jpg,2
fs_222_1.jpg,fs_222_2.jpg,2
fs_009_1.jpg,fs_009_2.jpg,2
fs_063_1.jpg,fs_063_2.jpg,2
fs_045_1.jpg,fs_045_2.jpg,2
fs_041_1.jpg,fs_041_2.jpg,2
fs_073_1.jpg,fs_073_2.jpg,2
fs_143_1.jpg,fs_143_2.jpg,2
fs_197_1.jpg,fs_197_2.jpg,2
fs_037_1.jpg,fs_037_2.jpg,2
fs_059_1.jpg,fs_059_2.jpg,2
fs_232_1.jpg,fs_232_2.jpg,2
fs_058_1.jpg,fs_058_2.jpg,2
fs_187_1.jpg,fs_187_2.jpg,2
fs_210_1.jpg,fs_210_2.jpg,2
fs_219_1.jpg,fs_219_2.jpg,2
fs_214_1.jpg,fs_214_2.jpg,2
fs_123_1.jpg,fs_123_2.jpg,2
fs_089_1.jpg,fs_089_2.jpg,2
fs_084_1.jpg,fs_084_2.jpg,2
fs_224_1.jpg,fs_224_2.jpg,2
fs_005_1.jpg,fs_005_2.jpg,2
fs_184_1.jpg,fs_184_2.jpg,2
fs_020_1.jpg,fs_020_2.jpg,2
fs_093_1.jpg,fs_093_2.jpg,2
fs_062_1.jpg,fs_062_2.jpg,2
fs_239_1.jpg,fs_239_2.jpg,2
fs_190_1.jpg,fs_190_2.jpg,2
fs_018_1.jpg,fs_018_2.jpg,2
fs_013_1.jpg,fs_013_2.jpg,2
fs_034_1.jpg,fs_034_2.jpg,2
fs_140_1.jpg,fs_140_2.jpg,2
fs_211_1.jpg,fs_211_2.jpg,2
fs_017_1.jpg,fs_017_2.jpg,2
fs_001_1.jpg,fs_001_2.jpg,2
fs_082_1.jpg,fs_082_2.jpg,2
fs_134_1.jpg,fs_134_2.jpg,2
fs_217_1.jpg,fs_217_2.jpg,2
fs_126_1.jpg,fs_126_2.jpg,2
fs_086_1.jpg,fs_086_2.jpg,2
fs_245_1.jpg,fs_245_2.jpg,2
fs_100_1.jpg,fs_100_2.jpg,2
fs_127_1.jpg,fs_127_2.jpg,2
fs_200_1.jpg,fs_200_2.jpg,2
md_012_1.jpg,md_012_2.jpg,3
md_117_1.jpg,md_117_2.jpg,3
md_081_1.jpg,md_081_2.jpg,3
md_189_1.jpg,md_189_2.jpg,3
md_023_1.jpg,md_023_2.jpg,3
md_234_1.jpg,md_234_2.jpg,3
md_065_1.jpg,md_065_2.jpg,3
md_222_1.jpg,md_222_2.jpg,3
md_009_1.jpg,md_009_2.jpg,3
md_063_1.jpg,md_063_2.jpg,3
md_045_1.jpg,md_045_2.jpg,3
md_041_1.jpg,md_041_2.jpg,3
md_073_1.jpg,md_073_2.jpg,3
md_143_1.jpg,md_143_2.jpg,3
md_197_1.jpg,md_197_2.jpg,3
md_037_1.jpg,md_037_2.jpg,3
md_059_1.jpg,md_059_2.jpg,3
md_232_1.jpg,md_232_2.jpg,3
md_058_1.jpg,md_058_2.jpg,3
md_187_1.jpg,md_187_2.jpg,3
md_210_1.jpg,md_210_2.jpg,3
md_219_1.jpg,md_219_2.jpg,3
md_214_1.jpg,md_214_2.jpg,3
md_123_1.jpg,md_123_2.jpg,3
md_089_1.jpg,md_089_2.jpg,3
md_084_1.jpg,md_084_2.jpg,3
md_224_1.jpg,md_224_2.jpg,3
md_005_1.jpg,md_005_2.jpg,3
md_184_1.jpg,md_184_2.jpg,3
md_020_1.jpg,md_020_2.jpg,3
md_093_1.jpg,md_093_2.jpg,3
md_062_1.jpg,md_062_2.jpg,3
md_239_1.jpg,md_239_2.jpg,3
md_190_1.jpg,md_190_2.jpg,3
md_018_1.jpg,md_018_2.jpg,3
md_013_1.jpg,md_013_2.jpg,3
md_034_1.jpg,md_034_2.jpg,3
md_140_1.jpg,md_140_2.jpg,3
md_211_1.jpg,md_211_2.jpg,3
md_017_1.jpg,md_017_2.jpg,3
md_001_1.jpg,md_001_2.jpg,3
md_082_1.jpg,md_082_2.jpg,3
md_134_1.jpg,md_134_2.jpg,3
md_217_1.jpg,md_217_2.jpg,3
md_126_1.jpg,md_126_2.jpg,3
md_086_1.jpg,md_086_2.jpg,3
md_245_1.jpg,md_245_2.jpg,3
md_100_1.jpg,md_100_2.jpg,3
md_127_1.jpg,md_127_2.jpg,3
md_200_1.jpg,md_200_2.jpg,3
ms_012_1.jpg,ms_012_2.jpg,4
ms_117_1.jpg,ms_117_2.jpg,4
ms_081_1.jpg,ms_081_2.jpg,4
ms_189_1.jpg,ms_189_2.jpg,4
ms_023_1.jpg,ms_023_2.jpg,4
ms_234_1.jpg,ms_234_2.jpg,4
ms_065_1.jpg,ms_065_2.jpg,4
ms_222_1.jpg,ms_222_2.jpg,4
ms_009_1.jpg,ms_009_2.jpg,4
ms_063_1.jpg,ms_063_2.jpg,4
ms_045_1.jpg,ms_045_2.jpg,4
ms_041_1.jpg,ms_041_2.jpg,4
ms_073_1.jpg,ms_073_2.jpg,4
ms_143_1.jpg,ms_143_2.jpg,4
ms_197_1.jpg,ms_197_2.jpg,4
ms_037_1.jpg,ms_037_2.jpg,4
ms_059_1.jpg,ms_059_2.jpg,4
ms_232_1.jpg,ms_232_2.jpg,4
ms_058_1.jpg,ms_058_2.jpg,4
ms_187_1.jpg,ms_187_2.jpg,4
ms_210_1.jpg,ms_210_2.jpg,4
ms_219_1.jpg,ms_219_2.jpg,4
ms_214_1.jpg,ms_214_2.jpg,4
ms_123_1.jpg,ms_123_2.jpg,4
ms_089_1.jpg,ms_089_2.jpg,4
ms_084_1.jpg,ms_084_2.jpg,4
ms_224_1.jpg,ms_224_2.jpg,4
ms_005_1.jpg,ms_005_2.jpg,4
ms_184_1.jpg,ms_184_2.jpg,4
ms_020_1.jpg,ms_020_2.jpg,4
ms_093_1.jpg,ms_093_2.jpg,4
ms_062_1.jpg,ms_062_2.jpg,4
ms_239_1.jpg,ms_239_2.jpg,4
ms_190_1.jpg,ms_190_2.jpg,4
ms_018_1.jpg,ms_018_2.jpg,4
ms_013_1.jpg,ms_013_2.jpg,4
ms_034_1.jpg,ms_034_2.jpg,4
ms_140_1.jpg,ms_140_2.jpg,4
ms_211_1.jpg,ms_211_2.jpg,4
ms_017_1.jpg,ms_017_2.jpg,4
ms_001_1.jpg,ms_001_2.jpg,4
ms_082_1.jpg,ms_082_2.jpg,4
ms_134_1.jpg,ms_134_2.jpg,4
ms_217_1.jpg,ms_217_2.jpg,4
ms_126_1.jpg,ms_126_2.jpg,4
ms_086_1.jpg,ms_086_2.jpg,4
ms_245_1.jpg,ms_245_2.jpg,4
ms_100_1.jpg,ms_100_2.jpg,4
ms_127_1.jpg,ms_127_2.jpg,4
ms_200_1.jpg,ms_200_2.jpg,4
